{
    "name": "root",
    "gauges": {
        "AI.Policy.Entropy.mean": {
            "value": 0.048921164125204086,
            "min": 0.048921164125204086,
            "max": 0.401790052652359,
            "count": 19
        },
        "AI.Policy.Entropy.sum": {
            "value": 244.21444702148438,
            "min": 244.21444702148438,
            "max": 2012.16455078125,
            "count": 19
        },
        "AI.Environment.EpisodeLength.mean": {
            "value": 6.116393442622951,
            "min": 5.4324324324324325,
            "max": 7.175986842105263,
            "count": 16
        },
        "AI.Environment.EpisodeLength.sum": {
            "value": 3731.0,
            "min": 3731.0,
            "max": 4416.0,
            "count": 16
        },
        "AI.Step.mean": {
            "value": 94969.0,
            "min": 4971.0,
            "max": 94969.0,
            "count": 19
        },
        "AI.Step.sum": {
            "value": 94969.0,
            "min": 4971.0,
            "max": 94969.0,
            "count": 19
        },
        "AI.Policy.ExtrinsicValueEstimate.mean": {
            "value": -4.784029483795166,
            "min": -4.784029483795166,
            "max": 0.7250745892524719,
            "count": 19
        },
        "AI.Policy.ExtrinsicValueEstimate.sum": {
            "value": -746.30859375,
            "min": -746.30859375,
            "max": 532.9298095703125,
            "count": 19
        },
        "AI.Environment.CumulativeReward.mean": {
            "value": 0.6241407530982834,
            "min": 0.5428139182334588,
            "max": 0.7011024648886556,
            "count": 16
        },
        "AI.Environment.CumulativeReward.sum": {
            "value": 381.35000014305115,
            "min": 358.7999999523163,
            "max": 540.5500004291534,
            "count": 16
        },
        "AI.Policy.ExtrinsicReward.mean": {
            "value": 0.6241407530982834,
            "min": 0.5428139182334588,
            "max": 0.7011024648886556,
            "count": 16
        },
        "AI.Policy.ExtrinsicReward.sum": {
            "value": 381.35000014305115,
            "min": 358.7999999523163,
            "max": 540.5500004291534,
            "count": 16
        },
        "AI.Losses.PolicyLoss.mean": {
            "value": 0.08732534919572237,
            "min": 0.08271079668688967,
            "max": 0.1050598692079937,
            "count": 19
        },
        "AI.Losses.PolicyLoss.sum": {
            "value": 0.7859281427615012,
            "min": 0.744397170182007,
            "max": 1.0397988223315526,
            "count": 19
        },
        "AI.Losses.ValueLoss.mean": {
            "value": 0.0001887539243162556,
            "min": 0.0001887539243162556,
            "max": 0.7301867671172927,
            "count": 19
        },
        "AI.Losses.ValueLoss.sum": {
            "value": 0.0016987853188463002,
            "min": 0.0016987853188463002,
            "max": 6.5716809040556345,
            "count": 19
        },
        "AI.Policy.LearningRate.mean": {
            "value": 2.2965092345000002e-05,
            "min": 2.2965092345000002e-05,
            "max": 0.0002922276692574444,
            "count": 19
        },
        "AI.Policy.LearningRate.sum": {
            "value": 0.00020668583110500002,
            "min": 0.00020668583110500002,
            "max": 0.002773608075464,
            "count": 19
        },
        "AI.Policy.Epsilon.mean": {
            "value": 0.107655,
            "min": 0.107655,
            "max": 0.19740922222222224,
            "count": 19
        },
        "AI.Policy.Epsilon.sum": {
            "value": 0.9688950000000001,
            "min": 0.9688950000000001,
            "max": 1.9245360000000002,
            "count": 19
        },
        "AI.Policy.Beta.mean": {
            "value": 0.00039198450000000007,
            "min": 0.00039198450000000007,
            "max": 0.004870720188888889,
            "count": 19
        },
        "AI.Policy.Beta.sum": {
            "value": 0.0035278605000000005,
            "min": 0.0035278605000000005,
            "max": 0.0462343464,
            "count": 19
        },
        "AI.IsTraining.mean": {
            "value": 1.0,
            "min": 1.0,
            "max": 1.0,
            "count": 19
        },
        "AI.IsTraining.sum": {
            "value": 1.0,
            "min": 1.0,
            "max": 1.0,
            "count": 19
        }
    },
    "metadata": {
        "timer_format_version": "0.1.0",
        "start_time_seconds": "1652199691",
        "python_version": "3.7.9 (tags/v3.7.9:13c94747c7, Aug 17 2020, 18:58:18) [MSC v.1900 64 bit (AMD64)]",
        "command_line_arguments": "D:\\Documentos\\GitHub\\Adaptative-AI\\Adaptative AI\\venv\\Scripts\\mlagents-learn yamls/AIRun4.yaml --initialize-from=TopAIRun13 --run-id=TopAIRun14 --force",
        "mlagents_version": "0.29.0",
        "mlagents_envs_version": "0.29.0",
        "communication_protocol_version": "1.5.0",
        "pytorch_version": "1.11.0+cpu",
        "numpy_version": "1.21.2",
        "end_time_seconds": "1652201914"
    },
    "total": 2223.4962442,
    "count": 1,
    "self": 0.005358899999919231,
    "children": {
        "run_training.setup": {
            "total": 0.057109100000000024,
            "count": 1,
            "self": 0.057109100000000024
        },
        "TrainerController.start_learning": {
            "total": 2223.4337762,
            "count": 1,
            "self": 1.7407442000026094,
            "children": {
                "TrainerController._reset_env": {
                    "total": 8.7500614,
                    "count": 1,
                    "self": 8.7500614
                },
                "TrainerController.advance": {
                    "total": 2212.8510355999974,
                    "count": 104866,
                    "self": 1.6275498000240987,
                    "children": {
                        "env_step": {
                            "total": 2168.655523799983,
                            "count": 104866,
                            "self": 2097.759655799972,
                            "children": {
                                "SubprocessEnvManager._take_step": {
                                    "total": 69.7365086999925,
                                    "count": 104866,
                                    "self": 3.6543187999793076,
                                    "children": {
                                        "TorchPolicy.evaluate": {
                                            "total": 66.08218990001319,
                                            "count": 95061,
                                            "self": 19.186121600003773,
                                            "children": {
                                                "TorchPolicy.sample_actions": {
                                                    "total": 46.89606830000942,
                                                    "count": 95061,
                                                    "self": 46.89606830000942
                                                }
                                            }
                                        }
                                    }
                                },
                                "workers": {
                                    "total": 1.159359300018382,
                                    "count": 104865,
                                    "self": 0.0,
                                    "children": {
                                        "worker_root": {
                                            "total": 2145.0010935999994,
                                            "count": 104865,
                                            "is_parallel": true,
                                            "self": 188.94027050004297,