{"count":1,"self":2058.1998592,"total":2583.3643236999997,"children":{"InitializeActuators":{"count":1,"self":0.0010008999999999999,"total":0.0010008999999999999,"children":null},"InitializeSensors":{"count":1,"self":0.0020017999999999998,"total":0.0020017999999999998,"children":null},"AgentSendState":{"count":8231818,"self":44.2687616,"total":51.9830737,"children":{"CollectObservations":{"count":100009,"self":0.7733165,"total":0.7733165,"children":null},"WriteActionMask":{"count":100009,"self":0.6351702,"total":0.6351702,"children":null},"RequestDecision":{"count":100009,"self":1.7727224,"total":6.3058252,"children":{"AgentInfo.ToProto":{"count":100009,"self":1.4563947,"total":4.5331027,"children":{"GenerateSensorData":{"count":100009,"self":3.076708,"total":3.076708,"children":null}}}}}}},"DecideAction":{"count":8231818,"self":434.25090559999995,"total":434.2509171,"children":null},"AgentAct":{"count":8231818,"self":38.216185599999996,"total":38.2161854,"children":null},"AgentInfo.ToProto":{"count":14471,"self":0.2608,"total":0.71019599999999994,"children":{"GenerateSensorData":{"count":14471,"self":0.44939599999999996,"total":0.44939599999999996,"children":null}}}},"gauges":{"AI.CumulativeReward":{"count":14471,"max":-310,"min":-48153,"runningAverage":-657.954468,"value":-830,"weightedAverage":-645.8788}},"metadata":{"timer_format_version":"0.1.0","start_time_seconds":"1651769409","unity_version":"2019.4.14f1","command_line_arguments":"C:\\Program Files\\Unity\\Hub\\Editor\\2019.4.14f1\\Editor\\Unity.exe -projectpath D:\/Documentos\/GitHub\/Adaptative-AI\/Adaptative AI -useHub -hubIPC -cloudEnvironment production -hubSessionId f936b000-cc55-11ec-84e8-b387ee5973ab","communication_protocol_version":"1.5.0","com.unity.ml-agents_version":"2.0.1","scene_name":"TrainingScene","end_time_seconds":"1651771992"}}