{"count":1,"self":6.5681788,"total":6.7118641,"children":{"InitializeActuators":{"count":6,"self":0.0030023999999999997,"total":0.0030023999999999997,"children":null},"InitializeSensors":{"count":6,"self":0.0020015,"total":0.0020015,"children":null},"AgentSendState":{"count":105,"self":0.0050054999999999995,"total":0.024024399999999998,"children":{"CollectObservations":{"count":95,"self":0.0020017999999999998,"total":0.0020017999999999998,"children":null},"WriteActionMask":{"count":95,"self":0.0010008999999999999,"total":0.0010008999999999999,"children":null},"RequestDecision":{"count":95,"self":0.016016199999999998,"total":0.016016199999999998,"children":null}}},"DecideAction":{"count":105,"self":0.1096525,"total":0.1096525,"children":null},"AgentAct":{"count":105,"self":0.0040033,"total":0.0040033,"children":null}},"gauges":{"AI.CumulativeReward":{"count":6,"max":1,"min":-1,"runningAverage":-0.175000027,"value":-1,"weightedAverage":-0.05429689}},"metadata":{"timer_format_version":"0.1.0","start_time_seconds":"1652215213","unity_version":"2019.4.14f1","command_line_arguments":"C:\\Program Files\\Unity\\Hub\\Editor\\2019.4.14f1\\Editor\\Unity.exe -projectpath D:\/Documentos\/GitHub\/Adaptative-AI\/Adaptative AI -useHub -hubIPC -cloudEnvironment production -hubSessionId 343c65d0-d04f-11ec-976c-0d03c9be375b","communication_protocol_version":"1.5.0","com.unity.ml-agents_version":"2.0.1","scene_name":"TrainingScene","end_time_seconds":"1652215220"}}