{"count":1,"self":1289.0417152,"total":4018.3413326,"children":{"InitializeActuators":{"count":1,"self":0.002002,"total":0.002002,"children":null},"InitializeSensors":{"count":1,"self":0.0010004999999999999,"total":0.0010004999999999999,"children":null},"AgentSendState":{"count":5066917,"self":45.361686399999996,"total":115.39032119999999,"children":{"CollectObservations":{"count":1013384,"self":6.4115964,"total":6.4115964,"children":null},"WriteActionMask":{"count":1013384,"self":5.5093552,"total":5.5093553,"children":null},"RequestDecision":{"count":1013384,"self":14.9873648,"total":58.107683599999994,"children":{"AgentInfo.ToProto":{"count":1013384,"self":14.370432,"total":43.120318399999995,"children":{"GenerateSensorData":{"count":1013384,"self":28.749888,"total":28.749886399999998,"children":null}}}}}}},"DecideAction":{"count":5066917,"self":2582.0831743999997,"total":2582.0831052,"children":null},"AgentAct":{"count":5066917,"self":31.569951999999997,"total":31.5699507,"children":null},"AgentInfo.ToProto":{"count":6080,"self":0.07706629999999999,"total":0.2522115,"children":{"GenerateSensorData":{"count":6080,"self":0.1751452,"total":0.1751452,"children":null}}}},"gauges":{"AI.CumulativeReward":{"count":6080,"max":-536,"min":-571366,"runningAverage":-2186.57715,"value":-770,"weightedAverage":-1126.73682}},"metadata":{"timer_format_version":"0.1.0","start_time_seconds":"1651700090","unity_version":"2019.4.14f1","command_line_arguments":"C:\\Program Files\\Unity\\Hub\\Editor\\2019.4.14f1\\Editor\\Unity.exe -projectpath D:\/Documentos\/GitHub\/Adaptative-AI\/Adaptative AI -useHub -hubIPC -cloudEnvironment production -hubSessionId 2f9a2950-cbee-11ec-a628-eb5fd82f4d15","communication_protocol_version":"1.5.0","com.unity.ml-agents_version":"2.0.1","scene_name":"TrainingScene","end_time_seconds":"1651704108"}}