{"count":1,"self":2225.5730688,"total":6277.3682561,"children":{"InitializeActuators":{"count":1,"self":0.0010008999999999999,"total":0.0010008999999999999,"children":null},"InitializeSensors":{"count":1,"self":0.002002,"total":0.002002,"children":null},"AgentSendState":{"count":7856934,"self":68.2145472,"total":171.8831362,"children":{"CollectObservations":{"count":1571387,"self":9.3982832,"total":9.3982833,"children":null},"WriteActionMask":{"count":1571387,"self":8.2610016,"total":8.261001199999999,"children":null},"RequestDecision":{"count":1571387,"self":22.5304128,"total":86.0093042,"children":{"AgentInfo.ToProto":{"count":1571387,"self":21.412024,"total":63.478890799999995,"children":{"GenerateSensorData":{"count":1571387,"self":42.0668672,"total":42.066866499999996,"children":null}}}}}}},"DecideAction":{"count":7856934,"self":3831.4967039999997,"total":3831.4965125,"children":null},"AgentAct":{"count":7856934,"self":47.9600928,"total":47.9600929,"children":null},"AgentInfo.ToProto":{"count":11036,"self":0.1821702,"total":0.4514215,"children":{"GenerateSensorData":{"count":11036,"self":0.26925129999999997,"total":0.26925129999999997,"children":null}}}},"gauges":{"AI.CumulativeReward":{"count":11036,"max":-427,"min":-152464,"runningAverage":-1428.02234,"value":-2575,"weightedAverage":-1235.04761}},"metadata":{"timer_format_version":"0.1.0","start_time_seconds":"1651743528","unity_version":"2019.4.14f1","command_line_arguments":"C:\\Program Files\\Unity\\Hub\\Editor\\2019.4.14f1\\Editor\\Unity.exe -projectpath D:\/Documentos\/GitHub\/Adaptative-AI\/Adaptative AI -useHub -hubIPC -cloudEnvironment production -hubSessionId f936b000-cc55-11ec-84e8-b387ee5973ab","communication_protocol_version":"1.5.0","com.unity.ml-agents_version":"2.0.1","scene_name":"TrainingScene","end_time_seconds":"1651749805"}}