{"count":1,"self":188.76971519999998,"total":525.1841879,"children":{"InitializeActuators":{"count":1,"self":0.0020016,"total":0.0020016,"children":null},"InitializeSensors":{"count":1,"self":0.0020017999999999998,"total":0.0020017999999999998,"children":null},"AgentSendState":{"count":660867,"self":5.7241272,"total":14.434785999999999,"children":{"CollectObservations":{"count":132174,"self":0.81875429999999993,"total":0.81875429999999993,"children":null},"WriteActionMask":{"count":132174,"self":0.71969889999999992,"total":0.71969889999999992,"children":null},"RequestDecision":{"count":132174,"self":1.8882919999999999,"total":7.1722057999999995,"children":{"AgentInfo.ToProto":{"count":132174,"self":1.7669654,"total":5.2839139,"children":{"GenerateSensorData":{"count":132174,"self":3.5169484,"total":3.5169485,"children":null}}}}}}},"DecideAction":{"count":660867,"self":317.8503424,"total":317.85034759999996,"children":null},"AgentAct":{"count":660867,"self":4.0762931999999994,"total":4.0762931,"children":null},"AgentInfo.ToProto":{"count":1000,"self":0.0210171,"total":0.047039399999999995,"children":{"GenerateSensorData":{"count":1000,"self":0.026022299999999998,"total":0.026022299999999998,"children":null}}}},"gauges":{"AI.CumulativeReward":{"count":1000,"max":-475,"min":-27390,"runningAverage":-2254.497,"value":-590,"weightedAverage":-811.973145}},"metadata":{"timer_format_version":"0.1.0","start_time_seconds":"1651595732","unity_version":"2019.4.14f1","command_line_arguments":"C:\\Program Files\\Unity\\Hub\\Editor\\2019.4.14f1\\Editor\\Unity.exe -projectpath D:\/Documentos\/GitHub\/Adaptative-AI\/Adaptative AI -useHub -hubIPC -cloudEnvironment production -hubSessionId 5d020350-cae4-11ec-a650-856cd1760f83","communication_protocol_version":"1.5.0","com.unity.ml-agents_version":"2.0.1","scene_name":"TrainingScene","end_time_seconds":"1651596257"}}