{
    "name": "root",
    "gauges": {
        "AI.Policy.Entropy.mean": {
            "value": 0.4878590703010559,
            "min": 0.1275830864906311,
            "max": 1.2980282306671143,
            "count": 20
        },
        "AI.Policy.Entropy.sum": {
            "value": 2436.3681640625,
            "min": 636.1292724609375,
            "max": 6509.611328125,
            "count": 20
        },
        "AI.Step.mean": {
            "value": 99995.0,
            "min": 4974.0,
            "max": 99995.0,
            "count": 20
        },
        "AI.Step.sum": {
            "value": 99995.0,
            "min": 4974.0,
            "max": 99995.0,
            "count": 20
        },
        "AI.Policy.ExtrinsicValueEstimate.mean": {
            "value": -0.08775277435779572,
            "min": -0.8398420214653015,
            "max": 0.04538951814174652,
            "count": 20
        },
        "AI.Policy.ExtrinsicValueEstimate.sum": {
            "value": -33.78481674194336,
            "min": -175.5269775390625,
            "max": 13.389907836914062,
            "count": 20
        },
        "AI.Environment.EpisodeLength.mean": {
            "value": 12.073298429319372,
            "min": 11.237745098039216,
            "max": 163.73333333333332,
            "count": 20
        },
        "AI.Environment.EpisodeLength.sum": {
            "value": 4612.0,
            "min": 4585.0,
            "max": 4971.0,
            "count": 20
        },
        "AI.Environment.CumulativeReward.mean": {
            "value": -0.11387434453552306,
            "min": -7.184333454569181,
            "max": 0.04066666635374228,
            "count": 20
        },
        "AI.Environment.CumulativeReward.sum": {
            "value": -43.49999961256981,
            "min": -215.53000363707542,
            "max": 12.199999906122684,
            "count": 20
        },
        "AI.Policy.ExtrinsicReward.mean": {
            "value": -0.11387434453552306,
            "min": -7.184333454569181,
            "max": 0.04066666635374228,
            "count": 20
        },
        "AI.Policy.ExtrinsicReward.sum": {
            "value": -43.49999961256981,
            "min": -215.53000363707542,
            "max": 12.199999906122684,
            "count": 20
        },
        "AI.Losses.PolicyLoss.mean": {
            "value": 0.08856592488785583,
            "min": 0.08749339902445813,
            "max": 0.10661755325876315,
            "count": 20
        },
        "AI.Losses.PolicyLoss.sum": {
            "value": 0.8856592488785584,
            "min": 0.7874405912201231,
            "max": 1.0098233057263617,
            "count": 20
        },
        "AI.Losses.ValueLoss.mean": {
            "value": 0.22131931893527507,
            "min": 0.1769916164378325,
            "max": 0.9134103295013859,
            "count": 20
        },
        "AI.Losses.ValueLoss.sum": {
            "value": 2.213193189352751,
            "min": 1.6564147196089227,
            "max": 8.220692965512473,
            "count": 20
        },
        "AI.Policy.LearningRate.mean": {
            "value": 7.920097360000005e-06,
            "min": 7.920097360000005e-06,
            "max": 0.00029209400263533326,
            "count": 20
        },
        "AI.Policy.LearningRate.sum": {
            "value": 7.920097360000005e-05,
            "min": 7.920097360000005e-05,
            "max": 0.0026288460237179996,
            "count": 20
        },
        "AI.Policy.Epsilon.mean": {
            "value": 0.10264,
            "min": 0.10264,
            "max": 0.19736466666666666,
            "count": 20
        },
        "AI.Policy.Epsilon.sum": {
            "value": 1.0264,
            "min": 0.9682090000000001,
            "max": 1.8755260000000002,
            "count": 20
        },
        "AI.Policy.Beta.mean": {
            "value": 0.00014173600000000003,
            "min": 0.00014173600000000003,
            "max": 0.004868496866666667,
            "count": 20
        },
        "AI.Policy.Beta.sum": {
            "value": 0.0014173600000000003,
            "min": 0.0014173600000000003,
            "max": 0.043816471800000006,
            "count": 20
        },
        "AI.IsTraining.mean": {
            "value": 1.0,
            "min": 1.0,
            "max": 1.0,
            "count": 20
        },
        "AI.IsTraining.sum": {
            "value": 1.0,
            "min": 1.0,
            "max": 1.0,
            "count": 20
        }
    },
    "metadata": {
        "timer_format_version": "0.1.0",
        "start_time_seconds": "1653561629",
        "python_version": "3.7.9 (tags/v3.7.9:13c94747c7, Aug 17 2020, 18:58:18) [MSC v.1900 64 bit (AMD64)]",
        "command_line_arguments": "D:\\Documentos\\GitHub\\Adaptative-AI\\Adaptative AI\\venv\\Scripts\\mlagents-learn yamls/AIRun4.yaml --run-id=TopAIRun25",
        "mlagents_version": "0.29.0",
        "mlagents_envs_version": "0.29.0",
        "communication_protocol_version": "1.5.0",
        "pytorch_version": "1.11.0+cpu",
        "numpy_version": "1.21.2",
        "end_time_seconds": "1653563485"
    },
    "total": 1856.1488024,
    "count": 1,
    "self": 0.0070821000001615175,
    "children": {
        "run_training.setup": {
            "total": 0.0615656,
            "count": 1,
            "self": 0.0615656
        },
        "TrainerController.start_learning": {
            "total": 1856.0801546999999,
            "count": 1,
            "self": 1.7638723999984904,
            "children": {
                "TrainerController._reset_env": {
                    "total": 4.1260978999999995,
                    "count": 1,
                    "self": 4.1260978999999995
                },
                "TrainerController.advance": {
                    "total": 1850.1396618000012,
                    "count": 104824,
                    "self": 1.6320880000437228,
                    "children": {
                        "env_step": {
                            "total": 1808.333146299957,
                            "count": 104824,
                            "self": 1732.691505699942,
                            "children": {
                                "SubprocessEnvManager._take_step": {
                                    "total": 74.50376520000898,
                                    "count": 104824,
                                    "self": 3.759840100022302,
                                    "children": {
                                        "TorchPolicy.evaluate": {
                                            "total": 70.74392509998668,
                                            "count": 100008,
                                            "self": 20.184039299964795,
                                            "children": {
                                                "TorchPolicy.sample_actions": {
                                                    "total": 50.55988580002189,
                                                    "count": 100008,
                                                    "self": 50.55988580002189
                                                }
                                            }
                                        }
                                    }
                                },
                                "workers": {
                                    "total": 1.1378754000061875,
                                    "count": 104824,
                                    "self": 0.0,
                                    "children": {
                                        "worker_root": {
                                            "total": 1849.6509977999895,
                                            "count": 104824,
                                            "is_parallel": true,
                                            "self": 191.93362999996657,